img,link,price,title
http:https://cafe24img.poxo.com/playnomore/web/product/big/201712/364_shop7_612444.jpg,http://playnomore.co.kr/product/soldout-knight-hoodie-black/364/?cate_no=26&display_group=1,$ 237,[soldout] KNIGHT HOODIE black
http:https://cafe24img.poxo.com/playnomore/web/product/big/201712/365_shop7_459486.jpg,http://playnomore.co.kr/product/soldout-knight-hoodie-khaki/365/?cate_no=26&display_group=1,$ 237,[soldout] KNIGHT HOODIE khaki
http:https://cafe24img.poxo.com/playnomore/web/product/big/201702/58_shop7_964042.jpg,http://playnomore.co.kr/product/shy-sweat-grey/58/?cate_no=26&display_group=1,$ 222,SHY SWEAT grey
http:https://cafe24img.poxo.com/playnomore/web/product/big/201702/62_shop7_310260.jpg,http://playnomore.co.kr/product/shy-bubble-sweat-grey/62/?cate_no=26&display_group=1,$ 222,SHY BUBBLE SWEAT grey
http:https://cafe24img.poxo.com/playnomore/web/product/big/201807/443_shop7_15307806816619.jpg,http://playnomore.co.kr/product/soldout-shy-friends-sweat-oatmeal/443/?cate_no=26&display_group=1,$ 222,[soldout] SHY FRIENDS SWEAT oatmeal
http:https://cafe24img.poxo.com/playnomore/web/product/big/201702/59_shop7_739643.jpg,http://playnomore.co.kr/product/shy-sweat-ivory/59/?cate_no=26&display_group=1,$ 222,SHY SWEAT ivory
img,link,price,title
http:https://cafe24img.poxo.com/playnomore/web/product/big/201712/365_shop7_459486.jpg,http://playnomore.co.kr/product/soldout-knight-hoodie-khaki/365/?cate_no=26&display_group=1,$ 237,[soldout] KNIGHT HOODIE khaki
http:https://cafe24img.poxo.com/playnomore/web/product/big/201807/443_shop7_15307806816619.jpg,http://playnomore.co.kr/product/soldout-shy-friends-sweat-oatmeal/443/?cate_no=26&display_group=1,$ 222,[soldout] SHY FRIENDS SWEAT oatmeal
http:https://cafe24img.poxo.com/playnomore/web/product/big/201702/58_shop7_964042.jpg,http://playnomore.co.kr/product/shy-sweat-grey/58/?cate_no=26&display_group=1,$ 222,SHY SWEAT grey
http:https://cafe24img.poxo.com/playnomore/web/product/big/201702/59_shop7_739643.jpg,http://playnomore.co.kr/product/shy-sweat-ivory/59/?cate_no=26&display_group=1,$ 222,SHY SWEAT ivory
http:https://cafe24img.poxo.com/playnomore/web/product/big/201712/364_shop7_612444.jpg,http://playnomore.co.kr/product/soldout-knight-hoodie-black/364/?cate_no=26&display_group=1,$ 237,[soldout] KNIGHT HOODIE black
http:https://cafe24img.poxo.com/playnomore/web/product/big/201702/62_shop7_310260.jpg,http://playnomore.co.kr/product/shy-bubble-sweat-grey/62/?cate_no=26&display_group=1,$ 222,SHY BUBBLE SWEAT grey
